Store,SKU,Date,Forecast_Value,Actual_Value,iso_year,iso_week
Store_001,SKU_0001,2025-01-06,1416,1377,2025,2
Store_001,SKU_0002,2025-01-06,657,694,2025,2
Store_001,SKU_0003,2025-01-06,1321,1311,2025,2
Store_001,SKU_0004,2025-01-06,1132,1174,2025,2
Store_001,SKU_0005,2025-01-06,1226,1172,2025,2
Store_001,SKU_0006,2025-01-06,535,553,2025,2
Store_001,SKU_0007,2025-01-06,1359,1359,2025,2
Store_001,SKU_0008,2025-01-06,1405,1331,2025,2
Store_002,SKU_0001,2025-01-06,1016,883,2025,2
Store_002,SKU_0002,2025-01-06,696,653,2025,2
Store_002,SKU_0003,2025-01-06,693,689,2025,2
Store_002,SKU_0004,2025-01-06,1369,1277,2025,2
Store_002,SKU_0005,2025-01-06,599,560,2025,2
Store_002,SKU_0006,2025-01-06,999,1021,2025,2
Store_002,SKU_0007,2025-01-06,1450,1406,2025,2
Store_002,SKU_0008,2025-01-06,475,621,2025,2
Store_001,SKU_0001,2025-01-13,506,541,2025,3
Store_001,SKU_0002,2025-01-13,1439,1448,2025,3
Store_001,SKU_0003,2025-01-13,888,886,2025,3
Store_001,SKU_0004,2025-01-13,541,517,2025,3
Store_001,SKU_0005,2025-01-13,1127,1178,2025,3
Store_001,SKU_0006,2025-01-13,1040,1093,2025,3
Store_001,SKU_0007,2025-01-13,1446,1406,2025,3
Store_001,SKU_0008,2025-01-13,779,721,2025,3
Store_002,SKU_0001,2025-01-13,973,951,2025,3
Store_002,SKU_0002,2025-01-13,1292,1316,2025,3
Store_002,SKU_0003,2025-01-13,568,548,2025,3
Store_002,SKU_0004,2025-01-13,1238,1213,2025,3
Store_002,SKU_0005,2025-01-13,903,938,2025,3
Store_002,SKU_0006,2025-01-13,1036,1131,2025,3
Store_002,SKU_0007,2025-01-13,1099,1046,2025,3
Store_002,SKU_0008,2025-01-13,1507,1402,2025,3
Store_001,SKU_0001,2025-01-20,944,995,2025,4
Store_001,SKU_0002,2025-01-20,951,967,2025,4
Store_001,SKU_0003,2025-01-20,964,943,2025,4
Store_001,SKU_0004,2025-01-20,1324,1333,2025,4
Store_001,SKU_0005,2025-01-20,875,837,2025,4
Store_001,SKU_0006,2025-01-20,1448,1437,2025,4
Store_001,SKU_0007,2025-01-20,704,699,2025,4
Store_001,SKU_0008,2025-01-20,736,749,2025,4
Store_002,SKU_0001,2025-01-20,558,607,2025,4
Store_002,SKU_0002,2025-01-20,1136,1124,2025,4
Store_002,SKU_0003,2025-01-20,877,994,2025,4
Store_002,SKU_0004,2025-01-20,1193,1085,2025,4
Store_002,SKU_0005,2025-01-20,1129,1129,2025,4
Store_002,SKU_0006,2025-01-20,784,764,2025,4
Store_002,SKU_0007,2025-01-20,1435,1439,2025,4
Store_002,SKU_0008,2025-01-20,1046,1051,2025,4
Store_001,SKU_0001,2025-01-27,979,1013,2025,5
Store_001,SKU_0002,2025-01-27,900,824,2025,5
Store_001,SKU_0003,2025-01-27,780,807,2025,5
Store_001,SKU_0004,2025-01-27,1422,1430,2025,5
Store_001,SKU_0005,2025-01-27,971,938,2025,5
Store_001,SKU_0006,2025-01-27,1136,1052,2025,5
Store_001,SKU_0007,2025-01-27,684,782,2025,5
Store_001,SKU_0008,2025-01-27,908,933,2025,5
Store_002,SKU_0001,2025-01-27,1208,1273,2025,5
Store_002,SKU_0002,2025-01-27,1233,1184,2025,5
Store_002,SKU_0003,2025-01-27,634,595,2025,5
Store_002,SKU_0004,2025-01-27,1075,1136,2025,5
Store_002,SKU_0005,2025-01-27,1045,1056,2025,5
Store_002,SKU_0006,2025-01-27,1028,1067,2025,5
Store_002,SKU_0007,2025-01-27,1146,1035,2025,5
Store_002,SKU_0008,2025-01-27,1023,1075,2025,5
Store_001,SKU_0001,2025-02-03,911,878,2025,6
Store_001,SKU_0002,2025-02-03,1438,1431,2025,6
Store_001,SKU_0003,2025-02-03,572,493,2025,6
Store_001,SKU_0004,2025-02-03,547,517,2025,6
Store_001,SKU_0005,2025-02-03,1256,1219,2025,6
Store_001,SKU_0006,2025-02-03,1192,1109,2025,6
Store_001,SKU_0007,2025-02-03,797,723,2025,6
Store_001,SKU_0008,2025-02-03,728,619,2025,6
Store_002,SKU_0001,2025-02-03,626,681,2025,6
Store_002,SKU_0002,2025-02-03,1392,1465,2025,6
Store_002,SKU_0003,2025-02-03,805,792,2025,6
Store_002,SKU_0004,2025-02-03,1255,1235,2025,6
Store_002,SKU_0005,2025-02-03,1016,910,2025,6
Store_002,SKU_0006,2025-02-03,1181,1254,2025,6
Store_002,SKU_0007,2025-02-03,791,798,2025,6
Store_002,SKU_0008,2025-02-03,811,754,2025,6
Store_001,SKU_0001,2025-02-10,769,821,2025,7
Store_001,SKU_0002,2025-02-10,1405,1374,2025,7
Store_001,SKU_0003,2025-02-10,483,419,2025,7
Store_001,SKU_0004,2025-02-10,1014,1005,2025,7
Store_001,SKU_0005,2025-02-10,903,1019,2025,7
Store_001,SKU_0006,2025-02-10,1182,1125,2025,7
Store_001,SKU_0007,2025-02-10,799,678,2025,7
Store_001,SKU_0008,2025-02-10,1442,1349,2025,7
Store_002,SKU_0001,2025-02-10,510,494,2025,7
Store_002,SKU_0002,2025-02-10,932,891,2025,7
Store_002,SKU_0003,2025-02-10,825,806,2025,7
Store_002,SKU_0004,2025-02-10,554,525,2025,7
Store_002,SKU_0005,2025-02-10,1288,1200,2025,7
Store_002,SKU_0006,2025-02-10,669,788,2025,7
Store_002,SKU_0007,2025-02-10,1176,1084,2025,7
Store_002,SKU_0008,2025-02-10,1449,1386,2025,7
Store_001,SKU_0001,2025-02-17,724,747,2025,8
Store_001,SKU_0002,2025-02-17,1066,1068,2025,8
Store_001,SKU_0003,2025-02-17,991,890,2025,8
Store_001,SKU_0004,2025-02-17,1430,1464,2025,8
Store_001,SKU_0005,2025-02-17,488,594,2025,8
Store_001,SKU_0006,2025-02-17,1173,1110,2025,8
Store_001,SKU_0007,2025-02-17,1136,1228,2025,8
Store_001,SKU_0008,2025-02-17,1487,1401,2025,8
Store_002,SKU_0001,2025-02-17,1207,1113,2025,8
Store_002,SKU_0002,2025-02-17,582,559,2025,8
Store_002,SKU_0003,2025-02-17,885,884,2025,8
Store_002,SKU_0004,2025-02-17,1280,1232,2025,8
Store_002,SKU_0005,2025-02-17,739,697,2025,8
Store_002,SKU_0006,2025-02-17,1089,1125,2025,8
Store_002,SKU_0007,2025-02-17,1483,1446,2025,8
Store_002,SKU_0008,2025-02-17,1031,1037,2025,8
Store_001,SKU_0001,2025-02-24,692,663,2025,9
Store_001,SKU_0002,2025-02-24,634,588,2025,9
Store_001,SKU_0003,2025-02-24,1056,1074,2025,9
Store_001,SKU_0004,2025-02-24,1155,1161,2025,9
Store_001,SKU_0005,2025-02-24,980,936,2025,9
Store_001,SKU_0006,2025-02-24,1232,1302,2025,9
Store_001,SKU_0007,2025-02-24,668,596,2025,9
Store_001,SKU_0008,2025-02-24,686,816,2025,9
Store_002,SKU_0001,2025-02-24,615,612,2025,9
Store_002,SKU_0002,2025-02-24,1065,1021,2025,9
Store_002,SKU_0003,2025-02-24,461,595,2025,9
Store_002,SKU_0004,2025-02-24,1145,1157,2025,9
Store_002,SKU_0005,2025-02-24,771,849,2025,9
Store_002,SKU_0006,2025-02-24,1274,1419,2025,9
Store_002,SKU_0007,2025-02-24,1296,1335,2025,9
Store_002,SKU_0008,2025-02-24,1144,1181,2025,9
Store_001,SKU_0001,2025-03-03,1275,1347,2025,10
Store_001,SKU_0002,2025-03-03,1283,1332,2025,10
Store_001,SKU_0003,2025-03-03,955,1006,2025,10
Store_001,SKU_0004,2025-03-03,897,876,2025,10
Store_001,SKU_0005,2025-03-03,723,673,2025,10
Store_001,SKU_0006,2025-03-03,1418,1358,2025,10
Store_001,SKU_0007,2025-03-03,1259,1226,2025,10
Store_001,SKU_0008,2025-03-03,942,883,2025,10
Store_002,SKU_0001,2025-03-03,511,613,2025,10
Store_002,SKU_0002,2025-03-03,533,450,2025,10
Store_002,SKU_0003,2025-03-03,1315,1392,2025,10
Store_002,SKU_0004,2025-03-03,775,720,2025,10
Store_002,SKU_0005,2025-03-03,771,773,2025,10
Store_002,SKU_0006,2025-03-03,647,536,2025,10
Store_002,SKU_0007,2025-03-03,918,898,2025,10
Store_002,SKU_0008,2025-03-03,485,576,2025,10
Store_001,SKU_0001,2025-03-10,620,650,2025,11
Store_001,SKU_0002,2025-03-10,780,783,2025,11
Store_001,SKU_0003,2025-03-10,1321,1232,2025,11
Store_001,SKU_0004,2025-03-10,1275,1162,2025,11
Store_001,SKU_0005,2025-03-10,900,995,2025,11
Store_001,SKU_0006,2025-03-10,1466,1393,2025,11
Store_001,SKU_0007,2025-03-10,1052,1089,2025,11
Store_001,SKU_0008,2025-03-10,943,1039,2025,11
Store_002,SKU_0001,2025-03-10,1309,1250,2025,11
Store_002,SKU_0002,2025-03-10,485,573,2025,11
Store_002,SKU_0003,2025-03-10,719,701,2025,11
Store_002,SKU_0004,2025-03-10,637,728,2025,11
Store_002,SKU_0005,2025-03-10,851,969,2025,11
Store_002,SKU_0006,2025-03-10,1118,1171,2025,11
Store_002,SKU_0007,2025-03-10,854,879,2025,11
Store_002,SKU_0008,2025-03-10,982,923,2025,11
Store_001,SKU_0001,2025-03-17,1434,1357,2025,12
Store_001,SKU_0002,2025-03-17,651,733,2025,12
Store_001,SKU_0003,2025-03-17,513,443,2025,12
Store_001,SKU_0004,2025-03-17,1315,1360,2025,12
Store_001,SKU_0005,2025-03-17,1454,1467,2025,12
Store_001,SKU_0006,2025-03-17,1516,1454,2025,12
Store_001,SKU_0007,2025-03-17,1140,1173,2025,12
Store_001,SKU_0008,2025-03-17,1323,1370,2025,12
Store_002,SKU_0001,2025-03-17,1312,1307,2025,12
Store_002,SKU_0002,2025-03-17,1027,952,2025,12
Store_002,SKU_0003,2025-03-17,982,1018,2025,12
Store_002,SKU_0004,2025-03-17,1236,1113,2025,12
Store_002,SKU_0005,2025-03-17,505,570,2025,12
Store_002,SKU_0006,2025-03-17,1297,1366,2025,12
Store_002,SKU_0007,2025-03-17,774,886,2025,12
Store_002,SKU_0008,2025-03-17,753,752,2025,12
Store_001,SKU_0001,2025-03-24,1435,1333,2025,13
Store_001,SKU_0002,2025-03-24,521,538,2025,13
Store_001,SKU_0003,2025-03-24,559,513,2025,13
Store_001,SKU_0004,2025-03-24,1332,1321,2025,13
Store_001,SKU_0005,2025-03-24,1181,1244,2025,13
Store_001,SKU_0006,2025-03-24,1153,1207,2025,13
Store_001,SKU_0007,2025-03-24,738,865,2025,13
Store_001,SKU_0008,2025-03-24,903,1003,2025,13
Store_002,SKU_0001,2025-03-24,1371,1386,2025,13
Store_002,SKU_0002,2025-03-24,694,779,2025,13
Store_002,SKU_0003,2025-03-24,1060,1173,2025,13
Store_002,SKU_0004,2025-03-24,1087,1189,2025,13
Store_002,SKU_0005,2025-03-24,1442,1512,2025,13
Store_002,SKU_0006,2025-03-24,1312,1219,2025,13
Store_002,SKU_0007,2025-03-24,1480,1479,2025,13
Store_002,SKU_0008,2025-03-24,773,750,2025,13
Store_001,SKU_0001,2025-03-31,554,523,2025,14
Store_001,SKU_0002,2025-03-31,676,616,2025,14
Store_001,SKU_0003,2025-03-31,998,1077,2025,14
Store_001,SKU_0004,2025-03-31,797,847,2025,14
Store_001,SKU_0005,2025-03-31,648,580,2025,14
Store_001,SKU_0006,2025-03-31,686,649,2025,14
Store_001,SKU_0007,2025-03-31,885,821,2025,14
Store_001,SKU_0008,2025-03-31,1253,1254,2025,14
Store_002,SKU_0001,2025-03-31,1491,1420,2025,14
Store_002,SKU_0002,2025-03-31,815,746,2025,14
Store_002,SKU_0003,2025-03-31,822,766,2025,14
Store_002,SKU_0004,2025-03-31,1147,1117,2025,14
Store_002,SKU_0005,2025-03-31,1167,1071,2025,14
Store_002,SKU_0006,2025-03-31,1408,1352,2025,14
Store_002,SKU_0007,2025-03-31,1072,1048,2025,14
Store_002,SKU_0008,2025-03-31,863,894,2025,14
Store_001,SKU_0001,2025-04-07,1112,1034,2025,15
Store_001,SKU_0002,2025-04-07,1165,1232,2025,15
Store_001,SKU_0003,2025-04-07,1326,1280,2025,15
Store_001,SKU_0004,2025-04-07,647,664,2025,15
Store_001,SKU_0005,2025-04-07,1325,1295,2025,15
Store_001,SKU_0006,2025-04-07,1361,1383,2025,15
Store_001,SKU_0007,2025-04-07,530,598,2025,15
Store_001,SKU_0008,2025-04-07,1030,936,2025,15
Store_002,SKU_0001,2025-04-07,728,638,2025,15
Store_002,SKU_0002,2025-04-07,793,770,2025,15
Store_002,SKU_0003,2025-04-07,1011,1042,2025,15
Store_002,SKU_0004,2025-04-07,842,918,2025,15
Store_002,SKU_0005,2025-04-07,1178,1127,2025,15
Store_002,SKU_0006,2025-04-07,1417,1498,2025,15
Store_002,SKU_0007,2025-04-07,1249,1306,2025,15
Store_002,SKU_0008,2025-04-07,1389,1456,2025,15
Store_001,SKU_0001,2025-04-14,795,769,2025,16
Store_001,SKU_0002,2025-04-14,1377,1377,2025,16
Store_001,SKU_0003,2025-04-14,1138,1072,2025,16
Store_001,SKU_0004,2025-04-14,1323,1445,2025,16
Store_001,SKU_0005,2025-04-14,759,697,2025,16
Store_001,SKU_0006,2025-04-14,1446,1537,2025,16
Store_001,SKU_0007,2025-04-14,959,1031,2025,16
Store_001,SKU_0008,2025-04-14,1104,1036,2025,16
Store_002,SKU_0001,2025-04-14,791,744,2025,16
Store_002,SKU_0002,2025-04-14,834,953,2025,16
Store_002,SKU_0003,2025-04-14,1144,1070,2025,16
Store_002,SKU_0004,2025-04-14,838,914,2025,16
Store_002,SKU_0005,2025-04-14,500,453,2025,16
Store_002,SKU_0006,2025-04-14,651,602,2025,16
Store_002,SKU_0007,2025-04-14,842,837,2025,16
Store_002,SKU_0008,2025-04-14,584,570,2025,16
Store_001,SKU_0001,2025-04-21,887,981,2025,17
Store_001,SKU_0002,2025-04-21,1134,1044,2025,17
Store_001,SKU_0003,2025-04-21,1301,1309,2025,17
Store_001,SKU_0004,2025-04-21,599,596,2025,17
Store_001,SKU_0005,2025-04-21,641,765,2025,17
Store_001,SKU_0006,2025-04-21,1430,1325,2025,17
Store_001,SKU_0007,2025-04-21,482,475,2025,17
Store_001,SKU_0008,2025-04-21,802,850,2025,17
Store_002,SKU_0001,2025-04-21,1296,1325,2025,17
Store_002,SKU_0002,2025-04-21,894,880,2025,17
Store_002,SKU_0003,2025-04-21,770,684,2025,17
Store_002,SKU_0004,2025-04-21,1416,1493,2025,17
Store_002,SKU_0005,2025-04-21,1099,1178,2025,17
Store_002,SKU_0006,2025-04-21,1098,1062,2025,17
Store_002,SKU_0007,2025-04-21,954,1015,2025,17
Store_002,SKU_0008,2025-04-21,998,1062,2025,17
Store_001,SKU_0001,2025-04-28,886,938,2025,18
Store_001,SKU_0002,2025-04-28,536,627,2025,18
Store_001,SKU_0003,2025-04-28,1283,1260,2025,18
Store_001,SKU_0004,2025-04-28,1461,1507,2025,18
Store_001,SKU_0005,2025-04-28,1325,1258,2025,18
Store_001,SKU_0006,2025-04-28,992,920,2025,18
Store_001,SKU_0007,2025-04-28,1262,1355,2025,18
Store_001,SKU_0008,2025-04-28,1324,1231,2025,18
Store_002,SKU_0001,2025-04-28,1328,1206,2025,18
Store_002,SKU_0002,2025-04-28,1273,1286,2025,18
Store_002,SKU_0003,2025-04-28,1220,1128,2025,18
Store_002,SKU_0004,2025-04-28,1402,1377,2025,18
Store_002,SKU_0005,2025-04-28,1532,1509,2025,18
Store_002,SKU_0006,2025-04-28,902,824,2025,18
Store_002,SKU_0007,2025-04-28,1043,1131,2025,18
Store_002,SKU_0008,2025-04-28,1394,1356,2025,18
Store_001,SKU_0001,2025-05-05,714,800,2025,19
Store_001,SKU_0002,2025-05-05,1010,1085,2025,19
Store_001,SKU_0003,2025-05-05,502,539,2025,19
Store_001,SKU_0004,2025-05-05,1181,1132,2025,19
Store_001,SKU_0005,2025-05-05,1101,1161,2025,19
Store_001,SKU_0006,2025-05-05,971,1008,2025,19
Store_001,SKU_0007,2025-05-05,828,930,2025,19
Store_001,SKU_0008,2025-05-05,802,824,2025,19
Store_002,SKU_0001,2025-05-05,1212,1119,2025,19
Store_002,SKU_0002,2025-05-05,576,650,2025,19
Store_002,SKU_0003,2025-05-05,1057,1086,2025,19
Store_002,SKU_0004,2025-05-05,1390,1333,2025,19
Store_002,SKU_0005,2025-05-05,814,854,2025,19
Store_002,SKU_0006,2025-05-05,819,757,2025,19
Store_002,SKU_0007,2025-05-05,546,454,2025,19
Store_002,SKU_0008,2025-05-05,1469,1387,2025,19
Store_001,SKU_0001,2025-05-12,494,439,2025,20
Store_001,SKU_0002,2025-05-12,602,694,2025,20
Store_001,SKU_0003,2025-05-12,1439,1348,2025,20
Store_001,SKU_0004,2025-05-12,839,763,2025,20
Store_001,SKU_0005,2025-05-12,579,627,2025,20
Store_001,SKU_0006,2025-05-12,1393,1340,2025,20
Store_001,SKU_0007,2025-05-12,1242,1206,2025,20
Store_001,SKU_0008,2025-05-12,632,736,2025,20
Store_002,SKU_0001,2025-05-12,1398,1370,2025,20
Store_002,SKU_0002,2025-05-12,702,765,2025,20
Store_002,SKU_0003,2025-05-12,1390,1398,2025,20
Store_002,SKU_0004,2025-05-12,673,667,2025,20
Store_002,SKU_0005,2025-05-12,654,613,2025,20
Store_002,SKU_0006,2025-05-12,816,842,2025,20
Store_002,SKU_0007,2025-05-12,721,659,2025,20
Store_002,SKU_0008,2025-05-12,705,765,2025,20
Store_001,SKU_0001,2025-05-19,664,756,2025,21
Store_001,SKU_0002,2025-05-19,1016,958,2025,21
Store_001,SKU_0003,2025-05-19,1045,1148,2025,21
Store_001,SKU_0004,2025-05-19,905,900,2025,21
Store_001,SKU_0005,2025-05-19,1252,1219,2025,21
Store_001,SKU_0006,2025-05-19,1466,1443,2025,21
Store_001,SKU_0007,2025-05-19,798,807,2025,21
Store_001,SKU_0008,2025-05-19,1186,1239,2025,21
Store_002,SKU_0001,2025-05-19,1263,1216,2025,21
Store_002,SKU_0002,2025-05-19,537,619,2025,21
Store_002,SKU_0003,2025-05-19,490,565,2025,21
Store_002,SKU_0004,2025-05-19,767,664,2025,21
Store_002,SKU_0005,2025-05-19,579,602,2025,21
Store_002,SKU_0006,2025-05-19,763,760,2025,21
Store_002,SKU_0007,2025-05-19,635,720,2025,21
Store_002,SKU_0008,2025-05-19,648,547,2025,21
Store_001,SKU_0001,2025-05-26,1442,1351,2025,22
Store_001,SKU_0002,2025-05-26,613,705,2025,22
Store_001,SKU_0003,2025-05-26,1247,1307,2025,22
Store_001,SKU_0004,2025-05-26,851,831,2025,22
Store_001,SKU_0005,2025-05-26,806,806,2025,22
Store_001,SKU_0006,2025-05-26,598,713,2025,22
Store_001,SKU_0007,2025-05-26,1357,1220,2025,22
Store_001,SKU_0008,2025-05-26,979,1021,2025,22
Store_002,SKU_0001,2025-05-26,1096,1193,2025,22
Store_002,SKU_0002,2025-05-26,1444,1395,2025,22
Store_002,SKU_0003,2025-05-26,1434,1416,2025,22
Store_002,SKU_0004,2025-05-26,649,606,2025,22
Store_002,SKU_0005,2025-05-26,842,800,2025,22
Store_002,SKU_0006,2025-05-26,1244,1217,2025,22
Store_002,SKU_0007,2025-05-26,815,856,2025,22
Store_002,SKU_0008,2025-05-26,458,483,2025,22
Store_001,SKU_0001,2025-06-02,702,809,2025,23
Store_001,SKU_0002,2025-06-02,830,793,2025,23
Store_001,SKU_0003,2025-06-02,633,602,2025,23
Store_001,SKU_0004,2025-06-02,1101,1051,2025,23
Store_001,SKU_0005,2025-06-02,1350,1421,2025,23
Store_001,SKU_0006,2025-06-02,776,634,2025,23
Store_001,SKU_0007,2025-06-02,1249,1268,2025,23
Store_001,SKU_0008,2025-06-02,598,602,2025,23
Store_002,SKU_0001,2025-06-02,629,688,2025,23
Store_002,SKU_0002,2025-06-02,747,799,2025,23
Store_002,SKU_0003,2025-06-02,1189,1217,2025,23
Store_002,SKU_0004,2025-06-02,1193,1238,2025,23
Store_002,SKU_0005,2025-06-02,983,1011,2025,23
Store_002,SKU_0006,2025-06-02,1044,1132,2025,23
Store_002,SKU_0007,2025-06-02,1393,1416,2025,23
Store_002,SKU_0008,2025-06-02,1161,1225,2025,23
Store_001,SKU_0001,2025-06-09,737,731,2025,24
Store_001,SKU_0002,2025-06-09,546,415,2025,24
Store_001,SKU_0003,2025-06-09,1378,1437,2025,24
Store_001,SKU_0004,2025-06-09,1351,1435,2025,24
Store_001,SKU_0005,2025-06-09,809,748,2025,24
Store_001,SKU_0006,2025-06-09,1039,1125,2025,24
Store_001,SKU_0007,2025-06-09,671,767,2025,24
Store_001,SKU_0008,2025-06-09,1192,1174,2025,24
Store_002,SKU_0001,2025-06-09,1448,1435,2025,24
Store_002,SKU_0002,2025-06-09,663,637,2025,24
Store_002,SKU_0003,2025-06-09,851,793,2025,24
Store_002,SKU_0004,2025-06-09,942,1032,2025,24
Store_002,SKU_0005,2025-06-09,740,769,2025,24
Store_002,SKU_0006,2025-06-09,611,718,2025,24
Store_002,SKU_0007,2025-06-09,623,711,2025,24
Store_002,SKU_0008,2025-06-09,831,957,2025,24
Store_001,SKU_0001,2025-06-16,686,730,2025,25
Store_001,SKU_0002,2025-06-16,611,636,2025,25
Store_001,SKU_0003,2025-06-16,1387,1285,2025,25
Store_001,SKU_0004,2025-06-16,497,551,2025,25
Store_001,SKU_0005,2025-06-16,1138,1072,2025,25
Store_001,SKU_0006,2025-06-16,1078,1110,2025,25
Store_001,SKU_0007,2025-06-16,1305,1263,2025,25
Store_001,SKU_0008,2025-06-16,1348,1378,2025,25
Store_002,SKU_0001,2025-06-16,1029,909,2025,25
Store_002,SKU_0002,2025-06-16,1124,1104,2025,25
Store_002,SKU_0003,2025-06-16,591,556,2025,25
Store_002,SKU_0004,2025-06-16,1356,1392,2025,25
Store_002,SKU_0005,2025-06-16,1149,1093,2025,25
Store_002,SKU_0006,2025-06-16,1065,1064,2025,25
Store_002,SKU_0007,2025-06-16,1147,1117,2025,25
Store_002,SKU_0008,2025-06-16,1451,1446,2025,25
Store_001,SKU_0001,2025-06-23,975,1067,2025,26
Store_001,SKU_0002,2025-06-23,1424,1351,2025,26
Store_001,SKU_0003,2025-06-23,1313,1365,2025,26
Store_001,SKU_0004,2025-06-23,510,561,2025,26
Store_001,SKU_0005,2025-06-23,1093,1164,2025,26
Store_001,SKU_0006,2025-06-23,615,742,2025,26
Store_001,SKU_0007,2025-06-23,1243,1150,2025,26
Store_001,SKU_0008,2025-06-23,1471,1463,2025,26
Store_002,SKU_0001,2025-06-23,1438,1337,2025,26
Store_002,SKU_0002,2025-06-23,956,1101,2025,26
Store_002,SKU_0003,2025-06-23,761,716,2025,26
Store_002,SKU_0004,2025-06-23,1006,983,2025,26
Store_002,SKU_0005,2025-06-23,1034,936,2025,26
Store_002,SKU_0006,2025-06-23,1185,1205,2025,26
Store_002,SKU_0007,2025-06-23,803,861,2025,26
Store_002,SKU_0008,2025-06-23,814,889,2025,26
Store_001,SKU_0001,2025-06-30,714,765,2025,27
Store_001,SKU_0002,2025-06-30,591,673,2025,27
Store_001,SKU_0003,2025-06-30,705,655,2025,27
Store_001,SKU_0004,2025-06-30,1415,1363,2025,27
Store_001,SKU_0005,2025-06-30,1095,1065,2025,27
Store_001,SKU_0006,2025-06-30,717,673,2025,27
Store_001,SKU_0007,2025-06-30,1509,1549,2025,27
Store_001,SKU_0008,2025-06-30,554,664,2025,27
Store_002,SKU_0001,2025-06-30,1253,1345,2025,27
Store_002,SKU_0002,2025-06-30,736,768,2025,27
Store_002,SKU_0003,2025-06-30,791,717,2025,27
Store_002,SKU_0004,2025-06-30,1309,1351,2025,27
Store_002,SKU_0005,2025-06-30,606,617,2025,27
Store_002,SKU_0006,2025-06-30,1449,1405,2025,27
Store_002,SKU_0007,2025-06-30,589,552,2025,27
Store_002,SKU_0008,2025-06-30,1045,1000,2025,27
Store_001,SKU_0001,2025-07-07,845,756,2025,28
Store_001,SKU_0002,2025-07-07,681,750,2025,28
Store_001,SKU_0003,2025-07-07,1161,1159,2025,28
Store_001,SKU_0004,2025-07-07,596,619,2025,28
Store_001,SKU_0005,2025-07-07,693,662,2025,28
Store_001,SKU_0006,2025-07-07,771,826,2025,28
Store_001,SKU_0007,2025-07-07,570,536,2025,28
Store_001,SKU_0008,2025-07-07,1410,1430,2025,28
Store_002,SKU_0001,2025-07-07,1379,1467,2025,28
Store_002,SKU_0002,2025-07-07,822,804,2025,28
Store_002,SKU_0003,2025-07-07,871,935,2025,28
Store_002,SKU_0004,2025-07-07,519,450,2025,28
Store_002,SKU_0005,2025-07-07,880,785,2025,28
Store_002,SKU_0006,2025-07-07,1187,1217,2025,28
Store_002,SKU_0007,2025-07-07,1040,937,2025,28
Store_002,SKU_0008,2025-07-07,1475,1523,2025,28
Store_001,SKU_0001,2025-07-14,592,557,2025,29
Store_001,SKU_0002,2025-07-14,1243,1181,2025,29
Store_001,SKU_0003,2025-07-14,725,752,2025,29
Store_001,SKU_0004,2025-07-14,555,438,2025,29
Store_001,SKU_0005,2025-07-14,1399,1365,2025,29
Store_001,SKU_0006,2025-07-14,1077,1180,2025,29
Store_001,SKU_0007,2025-07-14,1246,1220,2025,29
Store_001,SKU_0008,2025-07-14,852,847,2025,29
Store_002,SKU_0001,2025-07-14,1042,1026,2025,29
Store_002,SKU_0002,2025-07-14,923,1033,2025,29
Store_002,SKU_0003,2025-07-14,1185,1296,2025,29
Store_002,SKU_0004,2025-07-14,1504,1395,2025,29
Store_002,SKU_0005,2025-07-14,1125,1075,2025,29
Store_002,SKU_0006,2025-07-14,1304,1273,2025,29
Store_002,SKU_0007,2025-07-14,1006,904,2025,29
Store_002,SKU_0008,2025-07-14,676,738,2025,29
Store_001,SKU_0001,2025-07-21,1399,1392,2025,30
Store_001,SKU_0002,2025-07-21,1442,1538,2025,30
Store_001,SKU_0003,2025-07-21,831,841,2025,30
Store_001,SKU_0004,2025-07-21,489,608,2025,30
Store_001,SKU_0005,2025-07-21,1165,1117,2025,30
Store_001,SKU_0006,2025-07-21,1402,1343,2025,30
Store_001,SKU_0007,2025-07-21,1110,1099,2025,30
Store_001,SKU_0008,2025-07-21,970,938,2025,30
Store_002,SKU_0001,2025-07-21,1041,1108,2025,30
Store_002,SKU_0002,2025-07-21,951,940,2025,30
Store_002,SKU_0003,2025-07-21,779,779,2025,30
Store_002,SKU_0004,2025-07-21,1175,1183,2025,30
Store_002,SKU_0005,2025-07-21,833,926,2025,30
Store_002,SKU_0006,2025-07-21,550,605,2025,30
Store_002,SKU_0007,2025-07-21,1450,1519,2025,30
Store_002,SKU_0008,2025-07-21,1510,1522,2025,30
Store_001,SKU_0001,2025-07-28,518,463,2025,31
Store_001,SKU_0002,2025-07-28,657,676,2025,31
Store_001,SKU_0003,2025-07-28,1023,1093,2025,31
Store_001,SKU_0004,2025-07-28,822,830,2025,31
Store_001,SKU_0005,2025-07-28,500,440,2025,31
Store_001,SKU_0006,2025-07-28,1338,1237,2025,31
Store_001,SKU_0007,2025-07-28,884,862,2025,31
Store_001,SKU_0008,2025-07-28,875,998,2025,31
Store_002,SKU_0001,2025-07-28,1486,1434,2025,31
Store_002,SKU_0002,2025-07-28,1222,1245,2025,31
Store_002,SKU_0003,2025-07-28,1127,1257,2025,31
Store_002,SKU_0004,2025-07-28,798,691,2025,31
Store_002,SKU_0005,2025-07-28,992,974,2025,31
Store_002,SKU_0006,2025-07-28,1400,1335,2025,31
Store_002,SKU_0007,2025-07-28,1253,1245,2025,31
Store_002,SKU_0008,2025-07-28,977,1044,2025,31
Store_001,SKU_0001,2025-08-04,955,871,2025,32
Store_001,SKU_0002,2025-08-04,929,966,2025,32
Store_001,SKU_0003,2025-08-04,561,618,2025,32
Store_001,SKU_0004,2025-08-04,1148,1074,2025,32
Store_001,SKU_0005,2025-08-04,874,773,2025,32
Store_001,SKU_0006,2025-08-04,873,754,2025,32
Store_001,SKU_0007,2025-08-04,852,822,2025,32
Store_001,SKU_0008,2025-08-04,1398,1432,2025,32
Store_002,SKU_0001,2025-08-04,1264,1340,2025,32
Store_002,SKU_0002,2025-08-04,675,663,2025,32
Store_002,SKU_0003,2025-08-04,657,563,2025,32
Store_002,SKU_0004,2025-08-04,1126,1024,2025,32
Store_002,SKU_0005,2025-08-04,1216,1105,2025,32
Store_002,SKU_0006,2025-08-04,1353,1345,2025,32
Store_002,SKU_0007,2025-08-04,580,565,2025,32
Store_002,SKU_0008,2025-08-04,1060,957,2025,32
Store_001,SKU_0001,2025-08-11,1013,997,2025,33
Store_001,SKU_0002,2025-08-11,973,904,2025,33
Store_001,SKU_0003,2025-08-11,1165,1224,2025,33
Store_001,SKU_0004,2025-08-11,1097,1151,2025,33
Store_001,SKU_0005,2025-08-11,1229,1175,2025,33
Store_001,SKU_0006,2025-08-11,1133,1220,2025,33
Store_001,SKU_0007,2025-08-11,872,912,2025,33
Store_001,SKU_0008,2025-08-11,935,970,2025,33
Store_002,SKU_0001,2025-08-11,982,1009,2025,33
Store_002,SKU_0002,2025-08-11,1086,1112,2025,33
Store_002,SKU_0003,2025-08-11,1201,1270,2025,33
Store_002,SKU_0004,2025-08-11,1086,1094,2025,33
Store_002,SKU_0005,2025-08-11,1080,1116,2025,33
Store_002,SKU_0006,2025-08-11,759,817,2025,33
Store_002,SKU_0007,2025-08-11,1078,1180,2025,33
Store_002,SKU_0008,2025-08-11,917,891,2025,33
Store_001,SKU_0001,2025-08-18,688,758,2025,34
Store_001,SKU_0002,2025-08-18,1429,1450,2025,34
Store_001,SKU_0003,2025-08-18,688,729,2025,34
Store_001,SKU_0004,2025-08-18,843,759,2025,34
Store_001,SKU_0005,2025-08-18,1278,1237,2025,34
Store_001,SKU_0006,2025-08-18,1096,1059,2025,34
Store_001,SKU_0007,2025-08-18,691,756,2025,34
Store_001,SKU_0008,2025-08-18,1136,1173,2025,34
Store_002,SKU_0001,2025-08-18,1425,1401,2025,34
Store_002,SKU_0002,2025-08-18,1041,1020,2025,34
Store_002,SKU_0003,2025-08-18,1356,1250,2025,34
Store_002,SKU_0004,2025-08-18,865,870,2025,34
Store_002,SKU_0005,2025-08-18,561,598,2025,34
Store_002,SKU_0006,2025-08-18,1141,1220,2025,34
Store_002,SKU_0007,2025-08-18,1494,1482,2025,34
Store_002,SKU_0008,2025-08-18,542,514,2025,34
Store_001,SKU_0001,2025-08-25,1430,1401,2025,35
Store_001,SKU_0002,2025-08-25,1310,1291,2025,35
Store_001,SKU_0003,2025-08-25,906,859,2025,35
Store_001,SKU_0004,2025-08-25,1031,1104,2025,35
Store_001,SKU_0005,2025-08-25,812,744,2025,35
Store_001,SKU_0006,2025-08-25,1347,1292,2025,35
Store_001,SKU_0007,2025-08-25,756,706,2025,35
Store_001,SKU_0008,2025-08-25,1059,1085,2025,35
Store_002,SKU_0001,2025-08-25,885,903,2025,35
Store_002,SKU_0002,2025-08-25,1272,1210,2025,35
Store_002,SKU_0003,2025-08-25,470,474,2025,35
Store_002,SKU_0004,2025-08-25,960,935,2025,35
Store_002,SKU_0005,2025-08-25,1246,1188,2025,35
Store_002,SKU_0006,2025-08-25,1141,1267,2025,35
Store_002,SKU_0007,2025-08-25,771,688,2025,35
Store_002,SKU_0008,2025-08-25,1302,1345,2025,35
Store_001,SKU_0001,2025-09-01,1240,1290,2025,36
Store_001,SKU_0002,2025-09-01,543,603,2025,36
Store_001,SKU_0003,2025-09-01,1465,1441,2025,36
Store_001,SKU_0004,2025-09-01,685,718,2025,36
Store_001,SKU_0005,2025-09-01,804,797,2025,36
Store_001,SKU_0006,2025-09-01,1360,1365,2025,36
Store_001,SKU_0007,2025-09-01,523,511,2025,36
Store_001,SKU_0008,2025-09-01,699,582,2025,36
Store_002,SKU_0001,2025-09-01,1470,1565,2025,36
Store_002,SKU_0002,2025-09-01,1221,1158,2025,36
Store_002,SKU_0003,2025-09-01,733,707,2025,36
Store_002,SKU_0004,2025-09-01,492,476,2025,36
Store_002,SKU_0005,2025-09-01,807,842,2025,36
Store_002,SKU_0006,2025-09-01,1251,1218,2025,36
Store_002,SKU_0007,2025-09-01,739,748,2025,36
Store_002,SKU_0008,2025-09-01,998,1024,2025,36
Store_001,SKU_0001,2025-09-08,623,576,2025,37
Store_001,SKU_0002,2025-09-08,975,954,2025,37
Store_001,SKU_0003,2025-09-08,1124,1189,2025,37
Store_001,SKU_0004,2025-09-08,1194,1200,2025,37
Store_001,SKU_0005,2025-09-08,1258,1207,2025,37
Store_001,SKU_0006,2025-09-08,1155,1172,2025,37
Store_001,SKU_0007,2025-09-08,1438,1397,2025,37
Store_001,SKU_0008,2025-09-08,847,869,2025,37
Store_002,SKU_0001,2025-09-08,1158,1015,2025,37
Store_002,SKU_0002,2025-09-08,521,528,2025,37
Store_002,SKU_0003,2025-09-08,572,621,2025,37
Store_002,SKU_0004,2025-09-08,1149,1096,2025,37
Store_002,SKU_0005,2025-09-08,512,576,2025,37
Store_002,SKU_0006,2025-09-08,515,619,2025,37
Store_002,SKU_0007,2025-09-08,558,593,2025,37
Store_002,SKU_0008,2025-09-08,1041,1105,2025,37
Store_001,SKU_0001,2025-09-15,1046,1052,2025,38
Store_001,SKU_0002,2025-09-15,1425,1405,2025,38
Store_001,SKU_0003,2025-09-15,753,629,2025,38
Store_001,SKU_0004,2025-09-15,1035,932,2025,38
Store_001,SKU_0005,2025-09-15,790,691,2025,38
Store_001,SKU_0006,2025-09-15,839,796,2025,38
Store_001,SKU_0007,2025-09-15,1244,1172,2025,38
Store_001,SKU_0008,2025-09-15,1277,1274,2025,38
Store_002,SKU_0001,2025-09-15,1066,1068,2025,38
Store_002,SKU_0002,2025-09-15,1189,1083,2025,38
Store_002,SKU_0003,2025-09-15,615,655,2025,38
Store_002,SKU_0004,2025-09-15,781,671,2025,38
Store_002,SKU_0005,2025-09-15,736,716,2025,38
Store_002,SKU_0006,2025-09-15,479,578,2025,38
Store_002,SKU_0007,2025-09-15,1118,1077,2025,38
Store_002,SKU_0008,2025-09-15,533,501,2025,38
Store_001,SKU_0001,2025-09-22,908,820,2025,39
Store_001,SKU_0002,2025-09-22,1252,1315,2025,39
Store_001,SKU_0003,2025-09-22,908,952,2025,39
Store_001,SKU_0004,2025-09-22,1105,1150,2025,39
Store_001,SKU_0005,2025-09-22,743,774,2025,39
Store_001,SKU_0006,2025-09-22,1212,1142,2025,39
Store_001,SKU_0007,2025-09-22,1223,1174,2025,39
Store_001,SKU_0008,2025-09-22,763,695,2025,39
Store_002,SKU_0001,2025-09-22,1005,1006,2025,39
Store_002,SKU_0002,2025-09-22,1483,1524,2025,39
Store_002,SKU_0003,2025-09-22,736,656,2025,39
Store_002,SKU_0004,2025-09-22,1107,1036,2025,39
Store_002,SKU_0005,2025-09-22,1508,1564,2025,39
Store_002,SKU_0006,2025-09-22,1297,1221,2025,39
Store_002,SKU_0007,2025-09-22,1018,926,2025,39
Store_002,SKU_0008,2025-09-22,599,677,2025,39
Store_001,SKU_0001,2025-09-29,763,719,2025,40
Store_001,SKU_0002,2025-09-29,1074,996,2025,40
Store_001,SKU_0003,2025-09-29,931,927,2025,40
Store_001,SKU_0004,2025-09-29,769,852,2025,40
Store_001,SKU_0005,2025-09-29,1158,1074,2025,40
Store_001,SKU_0006,2025-09-29,924,817,2025,40
Store_001,SKU_0007,2025-09-29,594,595,2025,40
Store_001,SKU_0008,2025-09-29,1024,934,2025,40
Store_002,SKU_0001,2025-09-29,666,616,2025,40
Store_002,SKU_0002,2025-09-29,999,988,2025,40
Store_002,SKU_0003,2025-09-29,576,584,2025,40
Store_002,SKU_0004,2025-09-29,831,850,2025,40
Store_002,SKU_0005,2025-09-29,1022,1099,2025,40
Store_002,SKU_0006,2025-09-29,1444,1521,2025,40
Store_002,SKU_0007,2025-09-29,879,927,2025,40
Store_002,SKU_0008,2025-09-29,1090,1123,2025,40
Store_001,SKU_0001,2025-10-06,488,410,2025,41
Store_001,SKU_0002,2025-10-06,1461,1494,2025,41
Store_001,SKU_0003,2025-10-06,1377,1270,2025,41
Store_001,SKU_0004,2025-10-06,661,598,2025,41
Store_001,SKU_0005,2025-10-06,1462,1528,2025,41
Store_001,SKU_0006,2025-10-06,1191,1258,2025,41
Store_001,SKU_0007,2025-10-06,822,766,2025,41
Store_001,SKU_0008,2025-10-06,1283,1197,2025,41
Store_002,SKU_0001,2025-10-06,1416,1374,2025,41
Store_002,SKU_0002,2025-10-06,1485,1418,2025,41
Store_002,SKU_0003,2025-10-06,609,753,2025,41
Store_002,SKU_0004,2025-10-06,758,871,2025,41
Store_002,SKU_0005,2025-10-06,1443,1544,2025,41
Store_002,SKU_0006,2025-10-06,777,864,2025,41
Store_002,SKU_0007,2025-10-06,1504,1425,2025,41
Store_002,SKU_0008,2025-10-06,1008,1056,2025,41
Store_001,SKU_0001,2025-10-13,630,520,2025,42
Store_001,SKU_0002,2025-10-13,811,799,2025,42
Store_001,SKU_0003,2025-10-13,821,898,2025,42
Store_001,SKU_0004,2025-10-13,1511,1486,2025,42
Store_001,SKU_0005,2025-10-13,655,632,2025,42
Store_001,SKU_0006,2025-10-13,1261,1267,2025,42
Store_001,SKU_0007,2025-10-13,1342,1333,2025,42
Store_001,SKU_0008,2025-10-13,1340,1267,2025,42
Store_002,SKU_0001,2025-10-13,1115,1021,2025,42
Store_002,SKU_0002,2025-10-13,913,938,2025,42
Store_002,SKU_0003,2025-10-13,815,822,2025,42
Store_002,SKU_0004,2025-10-13,934,900,2025,42
Store_002,SKU_0005,2025-10-13,520,600,2025,42
Store_002,SKU_0006,2025-10-13,1053,1153,2025,42
Store_002,SKU_0007,2025-10-13,678,757,2025,42
Store_002,SKU_0008,2025-10-13,759,804,2025,42
Store_001,SKU_0001,2025-10-20,1144,1211,2025,43
Store_001,SKU_0002,2025-10-20,1170,1179,2025,43
Store_001,SKU_0003,2025-10-20,1402,1340,2025,43
Store_001,SKU_0004,2025-10-20,911,979,2025,43
Store_001,SKU_0005,2025-10-20,570,497,2025,43
Store_001,SKU_0006,2025-10-20,1361,1323,2025,43
Store_001,SKU_0007,2025-10-20,1020,1080,2025,43
Store_001,SKU_0008,2025-10-20,792,906,2025,43
Store_002,SKU_0001,2025-10-20,996,1035,2025,43
Store_002,SKU_0002,2025-10-20,1052,1033,2025,43
Store_002,SKU_0003,2025-10-20,1002,1061,2025,43
Store_002,SKU_0004,2025-10-20,1009,1026,2025,43
Store_002,SKU_0005,2025-10-20,910,843,2025,43
Store_002,SKU_0006,2025-10-20,603,647,2025,43
Store_002,SKU_0007,2025-10-20,1330,1292,2025,43
Store_002,SKU_0008,2025-10-20,612,601,2025,43
Store_001,SKU_0001,2025-10-27,1171,1115,2025,44
Store_001,SKU_0002,2025-10-27,1517,1492,2025,44
Store_001,SKU_0003,2025-10-27,1244,1187,2025,44
Store_001,SKU_0004,2025-10-27,1308,1287,2025,44
Store_001,SKU_0005,2025-10-27,1112,973,2025,44
Store_001,SKU_0006,2025-10-27,1465,1424,2025,44
Store_001,SKU_0007,2025-10-27,914,892,2025,44
Store_001,SKU_0008,2025-10-27,1177,1153,2025,44
Store_002,SKU_0001,2025-10-27,1241,1196,2025,44
Store_002,SKU_0002,2025-10-27,1255,1200,2025,44
Store_002,SKU_0003,2025-10-27,940,925,2025,44
Store_002,SKU_0004,2025-10-27,1315,1314,2025,44
Store_002,SKU_0005,2025-10-27,1254,1301,2025,44
Store_002,SKU_0006,2025-10-27,525,539,2025,44
Store_002,SKU_0007,2025-10-27,1064,1012,2025,44
Store_002,SKU_0008,2025-10-27,509,557,2025,44
Store_001,SKU_0001,2025-11-03,1277,1294,2025,45
Store_001,SKU_0002,2025-11-03,1019,1043,2025,45
Store_001,SKU_0003,2025-11-03,966,1045,2025,45
Store_001,SKU_0004,2025-11-03,862,848,2025,45
Store_001,SKU_0005,2025-11-03,1296,1392,2025,45
Store_001,SKU_0006,2025-11-03,682,665,2025,45
Store_001,SKU_0007,2025-11-03,634,668,2025,45
Store_001,SKU_0008,2025-11-03,1389,1409,2025,45
Store_002,SKU_0001,2025-11-03,1177,1190,2025,45
Store_002,SKU_0002,2025-11-03,655,592,2025,45
Store_002,SKU_0003,2025-11-03,1354,1328,2025,45
Store_002,SKU_0004,2025-11-03,477,437,2025,45
Store_002,SKU_0005,2025-11-03,649,698,2025,45
Store_002,SKU_0006,2025-11-03,1307,1265,2025,45
Store_002,SKU_0007,2025-11-03,505,529,2025,45
Store_002,SKU_0008,2025-11-03,812,819,2025,45
Store_001,SKU_0001,2025-11-10,1057,1049,2025,46
Store_001,SKU_0002,2025-11-10,723,831,2025,46
Store_001,SKU_0003,2025-11-10,608,649,2025,46
Store_001,SKU_0004,2025-11-10,1153,1232,2025,46
Store_001,SKU_0005,2025-11-10,1062,1197,2025,46
Store_001,SKU_0006,2025-11-10,1070,954,2025,46
Store_001,SKU_0007,2025-11-10,679,592,2025,46
Store_001,SKU_0008,2025-11-10,1468,1442,2025,46
Store_002,SKU_0001,2025-11-10,1332,1308,2025,46
Store_002,SKU_0002,2025-11-10,569,652,2025,46
Store_002,SKU_0003,2025-11-10,741,835,2025,46
Store_002,SKU_0004,2025-11-10,1212,1179,2025,46
Store_002,SKU_0005,2025-11-10,602,572,2025,46
Store_002,SKU_0006,2025-11-10,731,836,2025,46
Store_002,SKU_0007,2025-11-10,1495,1513,2025,46
Store_002,SKU_0008,2025-11-10,1338,1344,2025,46
Store_001,SKU_0001,2025-11-17,1220,1224,2025,47
Store_001,SKU_0002,2025-11-17,1025,1017,2025,47
Store_001,SKU_0003,2025-11-17,1439,1526,2025,47
Store_001,SKU_0004,2025-11-17,726,778,2025,47
Store_001,SKU_0005,2025-11-17,607,682,2025,47
Store_001,SKU_0006,2025-11-17,1532,1418,2025,47
Store_001,SKU_0007,2025-11-17,1456,1409,2025,47
Store_001,SKU_0008,2025-11-17,541,476,2025,47
Store_002,SKU_0001,2025-11-17,857,842,2025,47
Store_002,SKU_0002,2025-11-17,1474,1525,2025,47
Store_002,SKU_0003,2025-11-17,513,457,2025,47
Store_002,SKU_0004,2025-11-17,1151,1196,2025,47
Store_002,SKU_0005,2025-11-17,924,936,2025,47
Store_002,SKU_0006,2025-11-17,1423,1364,2025,47
Store_002,SKU_0007,2025-11-17,566,558,2025,47
Store_002,SKU_0008,2025-11-17,1185,1267,2025,47
Store_001,SKU_0001,2025-11-24,547,551,2025,48
Store_001,SKU_0002,2025-11-24,792,673,2025,48
Store_001,SKU_0003,2025-11-24,1196,1155,2025,48
Store_001,SKU_0004,2025-11-24,1055,963,2025,48
Store_001,SKU_0005,2025-11-24,515,538,2025,48
Store_001,SKU_0006,2025-11-24,1003,918,2025,48
Store_001,SKU_0007,2025-11-24,1108,1117,2025,48
Store_001,SKU_0008,2025-11-24,787,722,2025,48
Store_002,SKU_0001,2025-11-24,1424,1382,2025,48
Store_002,SKU_0002,2025-11-24,902,869,2025,48
Store_002,SKU_0003,2025-11-24,671,700,2025,48
Store_002,SKU_0004,2025-11-24,593,544,2025,48
Store_002,SKU_0005,2025-11-24,779,739,2025,48
Store_002,SKU_0006,2025-11-24,792,840,2025,48
Store_002,SKU_0007,2025-11-24,845,843,2025,48
Store_002,SKU_0008,2025-11-24,1041,981,2025,48
Store_001,SKU_0001,2025-12-01,1276,1362,2025,49
Store_001,SKU_0002,2025-12-01,642,727,2025,49
Store_001,SKU_0003,2025-12-01,1301,1278,2025,49
Store_001,SKU_0004,2025-12-01,635,662,2025,49
Store_001,SKU_0005,2025-12-01,934,845,2025,49
Store_001,SKU_0006,2025-12-01,497,600,2025,49
Store_001,SKU_0007,2025-12-01,1077,1151,2025,49
Store_001,SKU_0008,2025-12-01,515,470,2025,49
Store_002,SKU_0001,2025-12-01,608,521,2025,49
Store_002,SKU_0002,2025-12-01,1162,1148,2025,49
Store_002,SKU_0003,2025-12-01,1349,1405,2025,49
Store_002,SKU_0004,2025-12-01,704,584,2025,49
Store_002,SKU_0005,2025-12-01,629,610,2025,49
Store_002,SKU_0006,2025-12-01,1155,1129,2025,49
Store_002,SKU_0007,2025-12-01,509,511,2025,49
Store_002,SKU_0008,2025-12-01,1483,1383,2025,49
Store_001,SKU_0001,2025-12-08,481,427,2025,50
Store_001,SKU_0002,2025-12-08,1166,1176,2025,50
Store_001,SKU_0003,2025-12-08,676,581,2025,50
Store_001,SKU_0004,2025-12-08,1271,1324,2025,50
Store_001,SKU_0005,2025-12-08,613,545,2025,50
Store_001,SKU_0006,2025-12-08,601,513,2025,50
Store_001,SKU_0007,2025-12-08,1188,1142,2025,50
Store_001,SKU_0008,2025-12-08,1221,1283,2025,50
Store_002,SKU_0001,2025-12-08,1330,1426,2025,50
Store_002,SKU_0002,2025-12-08,813,780,2025,50
Store_002,SKU_0003,2025-12-08,764,833,2025,50
Store_002,SKU_0004,2025-12-08,1086,1204,2025,50
Store_002,SKU_0005,2025-12-08,841,804,2025,50
Store_002,SKU_0006,2025-12-08,768,778,2025,50
Store_002,SKU_0007,2025-12-08,784,754,2025,50
Store_002,SKU_0008,2025-12-08,936,1076,2025,50
Store_001,SKU_0001,2025-12-15,839,862,2025,51
Store_001,SKU_0002,2025-12-15,1118,1124,2025,51
Store_001,SKU_0003,2025-12-15,738,730,2025,51
Store_001,SKU_0004,2025-12-15,1101,1014,2025,51
Store_001,SKU_0005,2025-12-15,1335,1291,2025,51
Store_001,SKU_0006,2025-12-15,537,497,2025,51
Store_001,SKU_0007,2025-12-15,1095,1133,2025,51
Store_001,SKU_0008,2025-12-15,1080,966,2025,51
Store_002,SKU_0001,2025-12-15,823,859,2025,51
Store_002,SKU_0002,2025-12-15,1379,1480,2025,51
Store_002,SKU_0003,2025-12-15,677,664,2025,51
Store_002,SKU_0004,2025-12-15,1306,1204,2025,51
Store_002,SKU_0005,2025-12-15,575,700,2025,51
Store_002,SKU_0006,2025-12-15,764,858,2025,51
Store_002,SKU_0007,2025-12-15,877,785,2025,51
Store_002,SKU_0008,2025-12-15,1199,1199,2025,51
Store_001,SKU_0001,2025-12-22,1120,1178,2025,52
Store_001,SKU_0002,2025-12-22,1248,1324,2025,52
Store_001,SKU_0003,2025-12-22,1317,1303,2025,52
Store_001,SKU_0004,2025-12-22,1515,1447,2025,52
Store_001,SKU_0005,2025-12-22,553,497,2025,52
Store_001,SKU_0006,2025-12-22,1433,1479,2025,52
Store_001,SKU_0007,2025-12-22,832,792,2025,52
Store_001,SKU_0008,2025-12-22,990,953,2025,52
Store_002,SKU_0001,2025-12-22,1317,1242,2025,52
Store_002,SKU_0002,2025-12-22,1221,1121,2025,52
Store_002,SKU_0003,2025-12-22,1098,1136,2025,52
Store_002,SKU_0004,2025-12-22,744,670,2025,52
Store_002,SKU_0005,2025-12-22,773,713,2025,52
Store_002,SKU_0006,2025-12-22,1049,1095,2025,52
Store_002,SKU_0007,2025-12-22,1319,1256,2025,52
Store_002,SKU_0008,2025-12-22,930,996,2025,52
Store_001,SKU_0001,2025-12-29,838,919,2026,1
Store_001,SKU_0002,2025-12-29,681,701,2026,1
Store_001,SKU_0003,2025-12-29,1079,1112,2026,1
Store_001,SKU_0004,2025-12-29,1177,1151,2026,1
Store_001,SKU_0005,2025-12-29,892,846,2026,1
Store_001,SKU_0006,2025-12-29,932,986,2026,1
Store_001,SKU_0007,2025-12-29,1067,968,2026,1
Store_001,SKU_0008,2025-12-29,1000,923,2026,1
Store_002,SKU_0001,2025-12-29,1373,1275,2026,1
Store_002,SKU_0002,2025-12-29,1138,1012,2026,1
Store_002,SKU_0003,2025-12-29,1380,1337,2026,1
Store_002,SKU_0004,2025-12-29,526,509,2026,1
Store_002,SKU_0005,2025-12-29,792,816,2026,1
Store_002,SKU_0006,2025-12-29,1201,1143,2026,1
Store_002,SKU_0007,2025-12-29,608,624,2026,1
Store_002,SKU_0008,2025-12-29,1321,1345,2026,1
Store_001,SKU_0001,2026-01-05,934,985,2026,2
Store_001,SKU_0002,2026-01-05,827,811,2026,2
Store_001,SKU_0003,2026-01-05,1047,1021,2026,2
Store_001,SKU_0004,2026-01-05,737,692,2026,2
Store_001,SKU_0005,2026-01-05,1223,1191,2026,2
Store_001,SKU_0006,2026-01-05,1386,1462,2026,2
Store_001,SKU_0007,2026-01-05,585,462,2026,2
Store_001,SKU_0008,2026-01-05,916,858,2026,2
Store_002,SKU_0001,2026-01-05,787,769,2026,2
Store_002,SKU_0002,2026-01-05,580,565,2026,2
Store_002,SKU_0003,2026-01-05,1395,1367,2026,2
Store_002,SKU_0004,2026-01-05,771,751,2026,2
Store_002,SKU_0005,2026-01-05,842,818,2026,2
Store_002,SKU_0006,2026-01-05,979,992,2026,2
Store_002,SKU_0007,2026-01-05,1421,1358,2026,2
Store_002,SKU_0008,2026-01-05,860,858,2026,2
Store_001,SKU_0001,2026-01-12,1205,1169,2026,3
Store_001,SKU_0002,2026-01-12,656,555,2026,3
Store_001,SKU_0003,2026-01-12,689,753,2026,3
Store_001,SKU_0004,2026-01-12,1147,1137,2026,3
Store_001,SKU_0005,2026-01-12,1071,1063,2026,3
Store_001,SKU_0006,2026-01-12,1452,1411,2026,3
Store_001,SKU_0007,2026-01-12,1218,1280,2026,3
Store_001,SKU_0008,2026-01-12,556,616,2026,3
Store_002,SKU_0001,2026-01-12,1071,1026,2026,3
Store_002,SKU_0002,2026-01-12,888,866,2026,3
Store_002,SKU_0003,2026-01-12,678,671,2026,3
Store_002,SKU_0004,2026-01-12,888,925,2026,3
Store_002,SKU_0005,2026-01-12,1103,1115,2026,3
Store_002,SKU_0006,2026-01-12,1221,1159,2026,3
Store_002,SKU_0007,2026-01-12,891,951,2026,3
Store_002,SKU_0008,2026-01-12,798,714,2026,3
Store_001,SKU_0001,2026-01-19,1009,929,2026,4
Store_001,SKU_0002,2026-01-19,648,777,2026,4
Store_001,SKU_0003,2026-01-19,1248,1360,2026,4
Store_001,SKU_0004,2026-01-19,804,736,2026,4
Store_001,SKU_0005,2026-01-19,678,641,2026,4
Store_001,SKU_0006,2026-01-19,524,534,2026,4
Store_001,SKU_0007,2026-01-19,896,933,2026,4
Store_001,SKU_0008,2026-01-19,708,778,2026,4
Store_002,SKU_0001,2026-01-19,768,690,2026,4
Store_002,SKU_0002,2026-01-19,604,701,2026,4
Store_002,SKU_0003,2026-01-19,1112,1135,2026,4
Store_002,SKU_0004,2026-01-19,729,637,2026,4
Store_002,SKU_0005,2026-01-19,1068,994,2026,4
Store_002,SKU_0006,2026-01-19,646,551,2026,4
Store_002,SKU_0007,2026-01-19,887,871,2026,4
Store_002,SKU_0008,2026-01-19,1367,1448,2026,4
Store_001,SKU_0001,2026-01-26,1253,1218,2026,5
Store_001,SKU_0002,2026-01-26,1436,1475,2026,5
Store_001,SKU_0003,2026-01-26,1385,1466,2026,5
Store_001,SKU_0004,2026-01-26,794,793,2026,5
Store_001,SKU_0005,2026-01-26,1370,1251,2026,5
Store_001,SKU_0006,2026-01-26,1073,1002,2026,5
Store_001,SKU_0007,2026-01-26,866,749,2026,5
Store_001,SKU_0008,2026-01-26,1230,1210,2026,5
Store_002,SKU_0001,2026-01-26,1124,1144,2026,5
Store_002,SKU_0002,2026-01-26,1246,1192,2026,5
Store_002,SKU_0003,2026-01-26,1121,1150,2026,5
Store_002,SKU_0004,2026-01-26,1008,978,2026,5
Store_002,SKU_0005,2026-01-26,768,649,2026,5
Store_002,SKU_0006,2026-01-26,812,754,2026,5
Store_002,SKU_0007,2026-01-26,989,926,2026,5
Store_002,SKU_0008,2026-01-26,1185,1089,2026,5
Store_001,SKU_0001,2026-02-02,937,1051,2026,6
Store_001,SKU_0002,2026-02-02,937,862,2026,6
Store_001,SKU_0003,2026-02-02,1432,1497,2026,6
Store_001,SKU_0004,2026-02-02,720,711,2026,6
Store_001,SKU_0005,2026-02-02,1376,1331,2026,6
Store_001,SKU_0006,2026-02-02,524,513,2026,6
Store_001,SKU_0007,2026-02-02,875,848,2026,6
Store_001,SKU_0008,2026-02-02,1184,1298,2026,6
Store_002,SKU_0001,2026-02-02,1049,1105,2026,6
Store_002,SKU_0002,2026-02-02,1269,1210,2026,6
Store_002,SKU_0003,2026-02-02,1106,1215,2026,6
Store_002,SKU_0004,2026-02-02,573,615,2026,6
Store_002,SKU_0005,2026-02-02,653,643,2026,6
Store_002,SKU_0006,2026-02-02,703,650,2026,6
Store_002,SKU_0007,2026-02-02,769,743,2026,6
Store_002,SKU_0008,2026-02-02,1115,1124,2026,6
Store_001,SKU_0001,2026-02-09,1229,1319,2026,7
Store_001,SKU_0002,2026-02-09,982,910,2026,7
Store_001,SKU_0003,2026-02-09,560,531,2026,7
Store_001,SKU_0004,2026-02-09,1131,1053,2026,7
Store_001,SKU_0005,2026-02-09,608,668,2026,7
Store_001,SKU_0006,2026-02-09,803,876,2026,7
Store_001,SKU_0007,2026-02-09,703,695,2026,7
Store_001,SKU_0008,2026-02-09,887,842,2026,7
Store_002,SKU_0001,2026-02-09,928,1053,2026,7
Store_002,SKU_0002,2026-02-09,1097,1130,2026,7
Store_002,SKU_0003,2026-02-09,1205,1238,2026,7
Store_002,SKU_0004,2026-02-09,785,885,2026,7
Store_002,SKU_0005,2026-02-09,773,807,2026,7
Store_002,SKU_0006,2026-02-09,1021,1030,2026,7
Store_002,SKU_0007,2026-02-09,1131,1254,2026,7
Store_002,SKU_0008,2026-02-09,813,728,2026,7
Store_001,SKU_0001,2026-02-16,1286,1256,2026,8
Store_001,SKU_0002,2026-02-16,888,943,2026,8
Store_001,SKU_0003,2026-02-16,646,539,2026,8
Store_001,SKU_0004,2026-02-16,1202,1130,2026,8
Store_001,SKU_0005,2026-02-16,828,923,2026,8
Store_001,SKU_0006,2026-02-16,1218,1272,2026,8
Store_001,SKU_0007,2026-02-16,769,712,2026,8
Store_001,SKU_0008,2026-02-16,1099,1166,2026,8
Store_002,SKU_0001,2026-02-16,501,454,2026,8
Store_002,SKU_0002,2026-02-16,1375,1460,2026,8
Store_002,SKU_0003,2026-02-16,1039,1058,2026,8
Store_002,SKU_0004,2026-02-16,1315,1312,2026,8
Store_002,SKU_0005,2026-02-16,1080,1128,2026,8
Store_002,SKU_0006,2026-02-16,665,653,2026,8
Store_002,SKU_0007,2026-02-16,508,517,2026,8
Store_002,SKU_0008,2026-02-16,766,741,2026,8
Store_001,SKU_0001,2026-02-23,760,759,2026,9
Store_001,SKU_0002,2026-02-23,1346,1381,2026,9
Store_001,SKU_0003,2026-02-23,607,501,2026,9
Store_001,SKU_0004,2026-02-23,1229,1221,2026,9
Store_001,SKU_0005,2026-02-23,1092,1192,2026,9
Store_001,SKU_0006,2026-02-23,1264,1236,2026,9
Store_001,SKU_0007,2026-02-23,855,799,2026,9
Store_001,SKU_0008,2026-02-23,622,539,2026,9
Store_002,SKU_0001,2026-02-23,961,980,2026,9
Store_002,SKU_0002,2026-02-23,871,956,2026,9
Store_002,SKU_0003,2026-02-23,1450,1369,2026,9
Store_002,SKU_0004,2026-02-23,1204,1204,2026,9
Store_002,SKU_0005,2026-02-23,950,937,2026,9
Store_002,SKU_0006,2026-02-23,1324,1415,2026,9
Store_002,SKU_0007,2026-02-23,578,624,2026,9
Store_002,SKU_0008,2026-02-23,641,528,2026,9
Store_001,SKU_0001,2026-03-02,1362,1405,2026,10
Store_001,SKU_0002,2026-03-02,1465,1465,2026,10
Store_001,SKU_0003,2026-03-02,1315,1392,2026,10
Store_001,SKU_0004,2026-03-02,1375,1382,2026,10
Store_001,SKU_0005,2026-03-02,730,732,2026,10
Store_001,SKU_0006,2026-03-02,1147,1138,2026,10
Store_001,SKU_0007,2026-03-02,1266,1361,2026,10
Store_001,SKU_0008,2026-03-02,1178,1307,2026,10
Store_002,SKU_0001,2026-03-02,1294,1340,2026,10
Store_002,SKU_0002,2026-03-02,558,665,2026,10
Store_002,SKU_0003,2026-03-02,634,643,2026,10
Store_002,SKU_0004,2026-03-02,1222,1254,2026,10
Store_002,SKU_0005,2026-03-02,1507,1523,2026,10
Store_002,SKU_0006,2026-03-02,1427,1480,2026,10
Store_002,SKU_0007,2026-03-02,1260,1229,2026,10
Store_002,SKU_0008,2026-03-02,1425,1384,2026,10
Store_001,SKU_0001,2026-03-09,1181,1220,2026,11
Store_001,SKU_0002,2026-03-09,1249,1300,2026,11
Store_001,SKU_0003,2026-03-09,1292,1350,2026,11
Store_001,SKU_0004,2026-03-09,1476,1466,2026,11
Store_001,SKU_0005,2026-03-09,670,705,2026,11
Store_001,SKU_0006,2026-03-09,1194,1106,2026,11
Store_001,SKU_0007,2026-03-09,932,911,2026,11
Store_001,SKU_0008,2026-03-09,1334,1384,2026,11
Store_002,SKU_0001,2026-03-09,1222,1242,2026,11
Store_002,SKU_0002,2026-03-09,654,696,2026,11
Store_002,SKU_0003,2026-03-09,899,837,2026,11
Store_002,SKU_0004,2026-03-09,1233,1235,2026,11
Store_002,SKU_0005,2026-03-09,523,465,2026,11
Store_002,SKU_0006,2026-03-09,902,877,2026,11
Store_002,SKU_0007,2026-03-09,825,773,2026,11
Store_002,SKU_0008,2026-03-09,919,936,2026,11
Store_001,SKU_0001,2026-03-16,1111,1176,2026,12
Store_001,SKU_0002,2026-03-16,510,432,2026,12
Store_001,SKU_0003,2026-03-16,917,1016,2026,12
Store_001,SKU_0004,2026-03-16,1197,1142,2026,12
Store_001,SKU_0005,2026-03-16,583,491,2026,12
Store_001,SKU_0006,2026-03-16,1145,1149,2026,12
Store_001,SKU_0007,2026-03-16,1506,1527,2026,12
Store_001,SKU_0008,2026-03-16,796,806,2026,12
Store_002,SKU_0001,2026-03-16,940,871,2026,12
Store_002,SKU_0002,2026-03-16,1024,903,2026,12
Store_002,SKU_0003,2026-03-16,1491,1416,2026,12
Store_002,SKU_0004,2026-03-16,711,726,2026,12
Store_002,SKU_0005,2026-03-16,1212,1262,2026,12
Store_002,SKU_0006,2026-03-16,1309,1401,2026,12
Store_002,SKU_0007,2026-03-16,1274,1253,2026,12
Store_002,SKU_0008,2026-03-16,960,928,2026,12
Store_001,SKU_0001,2026-03-23,585,686,2026,13
Store_001,SKU_0002,2026-03-23,795,749,2026,13
Store_001,SKU_0003,2026-03-23,919,1001,2026,13
Store_001,SKU_0004,2026-03-23,1094,1026,2026,13
Store_001,SKU_0005,2026-03-23,560,552,2026,13
Store_001,SKU_0006,2026-03-23,596,651,2026,13
Store_001,SKU_0007,2026-03-23,960,973,2026,13
Store_001,SKU_0008,2026-03-23,1240,1217,2026,13
Store_002,SKU_0001,2026-03-23,514,485,2026,13
Store_002,SKU_0002,2026-03-23,1417,1427,2026,13
Store_002,SKU_0003,2026-03-23,1157,1202,2026,13
Store_002,SKU_0004,2026-03-23,491,441,2026,13
Store_002,SKU_0005,2026-03-23,1297,1208,2026,13
Store_002,SKU_0006,2026-03-23,1076,1051,2026,13
Store_002,SKU_0007,2026-03-23,716,637,2026,13
Store_002,SKU_0008,2026-03-23,653,706,2026,13
Store_001,SKU_0001,2026-03-30,773,755,2026,14
Store_001,SKU_0002,2026-03-30,1013,940,2026,14
Store_001,SKU_0003,2026-03-30,1379,1336,2026,14
Store_001,SKU_0004,2026-03-30,1180,1095,2026,14
Store_001,SKU_0005,2026-03-30,1422,1440,2026,14
Store_001,SKU_0006,2026-03-30,650,706,2026,14
Store_001,SKU_0007,2026-03-30,533,575,2026,14
Store_001,SKU_0008,2026-03-30,559,647,2026,14
Store_002,SKU_0001,2026-03-30,912,993,2026,14
Store_002,SKU_0002,2026-03-30,1385,1489,2026,14
Store_002,SKU_0003,2026-03-30,1477,1545,2026,14
Store_002,SKU_0004,2026-03-30,1119,1148,2026,14
Store_002,SKU_0005,2026-03-30,588,658,2026,14
Store_002,SKU_0006,2026-03-30,903,984,2026,14
Store_002,SKU_0007,2026-03-30,934,930,2026,14
Store_002,SKU_0008,2026-03-30,1019,1082,2026,14
Store_001,SKU_0001,2026-04-06,992,916,2026,15
Store_001,SKU_0002,2026-04-06,580,603,2026,15
Store_001,SKU_0003,2026-04-06,712,684,2026,15
Store_001,SKU_0004,2026-04-06,535,595,2026,15
Store_001,SKU_0005,2026-04-06,913,878,2026,15
Store_001,SKU_0006,2026-04-06,812,691,2026,15
Store_001,SKU_0007,2026-04-06,1474,1530,2026,15
Store_001,SKU_0008,2026-04-06,585,577,2026,15
Store_002,SKU_0001,2026-04-06,1353,1243,2026,15
Store_002,SKU_0002,2026-04-06,810,701,2026,15
Store_002,SKU_0003,2026-04-06,561,571,2026,15
Store_002,SKU_0004,2026-04-06,1334,1342,2026,15
Store_002,SKU_0005,2026-04-06,1086,1102,2026,15
Store_002,SKU_0006,2026-04-06,588,560,2026,15
Store_002,SKU_0007,2026-04-06,862,931,2026,15
Store_002,SKU_0008,2026-04-06,1188,1130,2026,15
Store_001,SKU_0001,2026-04-13,840,799,2026,16
Store_001,SKU_0002,2026-04-13,618,546,2026,16
Store_001,SKU_0003,2026-04-13,565,472,2026,16
Store_001,SKU_0004,2026-04-13,584,540,2026,16
Store_001,SKU_0005,2026-04-13,865,966,2026,16
Store_001,SKU_0006,2026-04-13,915,830,2026,16
Store_001,SKU_0007,2026-04-13,522,475,2026,16
Store_001,SKU_0008,2026-04-13,1283,1161,2026,16
Store_002,SKU_0001,2026-04-13,618,488,2026,16
Store_002,SKU_0002,2026-04-13,1204,1286,2026,16
Store_002,SKU_0003,2026-04-13,592,588,2026,16
Store_002,SKU_0004,2026-04-13,665,749,2026,16
Store_002,SKU_0005,2026-04-13,1167,1195,2026,16
Store_002,SKU_0006,2026-04-13,1071,1129,2026,16
Store_002,SKU_0007,2026-04-13,1119,1004,2026,16
Store_002,SKU_0008,2026-04-13,676,636,2026,16
Store_001,SKU_0001,2026-04-20,753,674,2026,17
Store_001,SKU_0002,2026-04-20,696,646,2026,17
Store_001,SKU_0003,2026-04-20,721,757,2026,17
Store_001,SKU_0004,2026-04-20,649,629,2026,17
Store_001,SKU_0005,2026-04-20,1113,1176,2026,17
Store_001,SKU_0006,2026-04-20,1035,907,2026,17
Store_001,SKU_0007,2026-04-20,1216,1208,2026,17
Store_001,SKU_0008,2026-04-20,1044,1073,2026,17
Store_002,SKU_0001,2026-04-20,975,925,2026,17
Store_002,SKU_0002,2026-04-20,744,857,2026,17
Store_002,SKU_0003,2026-04-20,1108,1162,2026,17
Store_002,SKU_0004,2026-04-20,1177,1143,2026,17
Store_002,SKU_0005,2026-04-20,1366,1388,2026,17
Store_002,SKU_0006,2026-04-20,1216,1195,2026,17
Store_002,SKU_0007,2026-04-20,1161,1133,2026,17
Store_002,SKU_0008,2026-04-20,1320,1261,2026,17
Store_001,SKU_0001,2026-04-27,947,1056,2026,18
Store_001,SKU_0002,2026-04-27,757,878,2026,18
Store_001,SKU_0003,2026-04-27,681,658,2026,18
Store_001,SKU_0004,2026-04-27,1116,1149,2026,18
Store_001,SKU_0005,2026-04-27,1107,1169,2026,18
Store_001,SKU_0006,2026-04-27,1045,1107,2026,18
Store_001,SKU_0007,2026-04-27,969,941,2026,18
Store_001,SKU_0008,2026-04-27,1412,1314,2026,18
Store_002,SKU_0001,2026-04-27,1325,1323,2026,18
Store_002,SKU_0002,2026-04-27,639,520,2026,18
Store_002,SKU_0003,2026-04-27,957,1099,2026,18
Store_002,SKU_0004,2026-04-27,1518,1528,2026,18
Store_002,SKU_0005,2026-04-27,1445,1415,2026,18
Store_002,SKU_0006,2026-04-27,1199,1150,2026,18
Store_002,SKU_0007,2026-04-27,668,635,2026,18
Store_002,SKU_0008,2026-04-27,729,801,2026,18
Store_001,SKU_0001,2026-05-04,1500,1592,2026,19
Store_001,SKU_0002,2026-05-04,474,500,2026,19
Store_001,SKU_0003,2026-05-04,775,748,2026,19
Store_001,SKU_0004,2026-05-04,1240,1153,2026,19
Store_001,SKU_0005,2026-05-04,1011,1036,2026,19
Store_001,SKU_0006,2026-05-04,1145,1230,2026,19
Store_001,SKU_0007,2026-05-04,613,522,2026,19
Store_001,SKU_0008,2026-05-04,503,477,2026,19
Store_002,SKU_0001,2026-05-04,660,558,2026,19
Store_002,SKU_0002,2026-05-04,565,535,2026,19
Store_002,SKU_0003,2026-05-04,792,689,2026,19
Store_002,SKU_0004,2026-05-04,548,446,2026,19
Store_002,SKU_0005,2026-05-04,1109,1132,2026,19
Store_002,SKU_0006,2026-05-04,1063,1014,2026,19
Store_002,SKU_0007,2026-05-04,1309,1219,2026,19
Store_002,SKU_0008,2026-05-04,824,752,2026,19
Store_001,SKU_0001,2026-05-11,490,564,2026,20
Store_001,SKU_0002,2026-05-11,1299,1313,2026,20
Store_001,SKU_0003,2026-05-11,1129,1211,2026,20
Store_001,SKU_0004,2026-05-11,1249,1306,2026,20
Store_001,SKU_0005,2026-05-11,1144,1225,2026,20
Store_001,SKU_0006,2026-05-11,1089,1132,2026,20
Store_001,SKU_0007,2026-05-11,907,962,2026,20
Store_001,SKU_0008,2026-05-11,1207,1243,2026,20
Store_002,SKU_0001,2026-05-11,752,708,2026,20
Store_002,SKU_0002,2026-05-11,659,523,2026,20
Store_002,SKU_0003,2026-05-11,1462,1439,2026,20
Store_002,SKU_0004,2026-05-11,1143,1197,2026,20
Store_002,SKU_0005,2026-05-11,1149,1195,2026,20
Store_002,SKU_0006,2026-05-11,636,573,2026,20
Store_002,SKU_0007,2026-05-11,1165,1306,2026,20
Store_002,SKU_0008,2026-05-11,508,568,2026,20
Store_001,SKU_0001,2026-05-18,1265,1262,2026,21
Store_001,SKU_0002,2026-05-18,625,574,2026,21
Store_001,SKU_0003,2026-05-18,951,952,2026,21
Store_001,SKU_0004,2026-05-18,1444,1500,2026,21
Store_001,SKU_0005,2026-05-18,945,917,2026,21
Store_001,SKU_0006,2026-05-18,1219,1284,2026,21
Store_001,SKU_0007,2026-05-18,1304,1333,2026,21
Store_001,SKU_0008,2026-05-18,886,875,2026,21
Store_002,SKU_0001,2026-05-18,1059,1025,2026,21
Store_002,SKU_0002,2026-05-18,612,613,2026,21
Store_002,SKU_0003,2026-05-18,1511,1445,2026,21
Store_002,SKU_0004,2026-05-18,484,534,2026,21
Store_002,SKU_0005,2026-05-18,1390,1379,2026,21
Store_002,SKU_0006,2026-05-18,760,690,2026,21
Store_002,SKU_0007,2026-05-18,562,579,2026,21
Store_002,SKU_0008,2026-05-18,1236,1227,2026,21
Store_001,SKU_0001,2026-05-25,724,596,2026,22
Store_001,SKU_0002,2026-05-25,855,838,2026,22
Store_001,SKU_0003,2026-05-25,775,681,2026,22
Store_001,SKU_0004,2026-05-25,544,571,2026,22
Store_001,SKU_0005,2026-05-25,1293,1316,2026,22
Store_001,SKU_0006,2026-05-25,1142,1197,2026,22
Store_001,SKU_0007,2026-05-25,599,487,2026,22
Store_001,SKU_0008,2026-05-25,1401,1367,2026,22
Store_002,SKU_0001,2026-05-25,724,713,2026,22
Store_002,SKU_0002,2026-05-25,829,845,2026,22
Store_002,SKU_0003,2026-05-25,1084,1191,2026,22
Store_002,SKU_0004,2026-05-25,1005,1048,2026,22
Store_002,SKU_0005,2026-05-25,599,634,2026,22
Store_002,SKU_0006,2026-05-25,554,555,2026,22
Store_002,SKU_0007,2026-05-25,1379,1434,2026,22
Store_002,SKU_0008,2026-05-25,859,993,2026,22
